name,author,image
Sleepy,disney,Sleepy.png
Happy,disney,Happy.png
Bashful,disney,Bashful.png
Doc,disney,Doc.png
Grumpy,disney,Grumpy.png
Sneezy,disney,Sneezy.png
Dopey,disney,Dopey.png
Dwalin,tolkien,Dwalin.png
Balin,tolkien,Balin.png
Ori,tolkien,Ori.png
Dori,tolkien,Dori.png
Nori,tolkien,Nori.png
Bifur,tolkien,Bifur.png
Bofur,tolkien,Bofur.png
Kili,tolkien,Kili.png
Fili,tolkien,Fili.png
Oin,tolkien,Oin.png
Gloin,tolkien,Gloin.png
Bombur,tolkien,Bombur.png
Thorin,tolkien,Thorin.png
